[ 1.  0.  0.],[ 0.  1.  0.],[ 0.  0.  1.]
[ 0.43573884 -0.51937922 -0.00178414],[-0.51937922  0.61916644  0.0021268 ],[-0.00178414  0.0021268   1.00583601]
[ 0.57741775 -0.51944321 -0.00756186],[-0.51944321  0.62054775  0.0090142 ],[-0.00756186  0.0090142   1.01167169]
[ 0.43858729 -0.52256096 -0.0260255 ],[-0.52256096  0.62270288  0.03101292],[-0.0260255   0.03101292  1.01750771]
[ 0.48087192 -0.54693112 -0.05453412],[-0.54693112  0.62215064  0.06203416],[-0.05453412  0.06203416  1.02330007]
[ 0.62557057 -0.55053006 -0.07822407],[-0.55053006  0.62766831  0.09032736],[-0.07822407  0.09032736  1.02913574]
[ 0.52303129 -0.5729506  -0.08560177],[-0.5729506   0.62771072  0.09378345],[-0.08560177  0.09378345  1.03490061]
[ 0.52775283 -0.57925574 -0.1147914 ],[-0.57925574  0.63586047  0.12600982],[-0.1147914   0.12600982  1.04070254]
[ 0.67142869 -0.58161099 -0.12373831],[-0.58161099  0.63986603  0.13670744],[-0.12373831  0.13670744  1.0465382 ]
[ 0.58146506 -0.6120138  -0.14867343],[-0.6120138   0.64423641  0.15650149],[-0.14867343  0.15650149  1.05212365]
[ 0.60651181 -0.63030622 -0.18029256],[-0.63030622  0.6551004   0.18738603],[-0.18029256  0.18738603  1.05771901]
[ 0.65269051 -0.65943704 -0.21696586],[-0.65943704  0.66631597  0.2192307 ],[-0.21696586  0.2192307   1.06280524]
[ 0.79712888 -0.66255915 -0.22374983],[-0.66255915  0.67105987  0.22741359],[-0.22374983  0.22741359  1.06864089]
[ 0.69505025 -0.68952421 -0.25690072],[-0.68952421  0.68410083  0.25488099],[-0.25690072  0.25488099  1.07409264]
[ 0.73835218 -0.71828426 -0.29203552],[-0.71828426  0.69881771  0.2841227 ],[-0.29203552  0.2841227   1.07905392]
[ 0.78106213 -0.74825873 -0.32954555],[-0.74825873  0.71688651  0.31573075],[-0.32954555  0.31573075  1.08392957]
[ 0.9270217  -0.75298537 -0.33659822],[-0.75298537  0.72327311  0.32433615],[-0.33659822  0.32433615  1.0897652 ]
[ 0.8322652  -0.78433675 -0.3702635 ],[-0.78433675  0.73921871  0.3489655 ],[-0.3702635   0.3489655   1.09494743]
[ 0.98443688 -0.79578175 -0.38554224],[-0.79578175  0.7527457   0.36764017],[-0.38554224  0.36764017  1.10078306]
[ 0.86987477 -0.81487946 -0.40728427],[-0.81487946  0.76340793  0.38155924],[-0.40728427  0.38155924  1.10623779]
[ 0.89605146 -0.84121936 -0.44335067],[-0.84121936  0.78978838  0.41624695],[-0.44335067  0.41624695  1.11165672]
[ 0.95988134 -0.88389179 -0.48556082],[-0.88389179  0.81396144  0.44714688],[-0.48556082  0.44714688  1.11530462]
[ 1.11611916 -0.89967292 -0.50206246],[-0.89967292  0.83196369  0.46750695],[-0.50206246  0.46750695  1.12114022]
[ 1.00245023 -0.92192931 -0.52702421],[-0.92192931  0.84791669  0.48471559],[-0.52702421  0.48471559  1.12654566]
[ 1.16731812 -0.94704139 -0.55130603],[-0.94704139  0.87580498  0.51468083],[-0.55130603  0.51468083  1.13238126]
[ 1.02226291 -0.94889672 -0.55888281],[-0.94889672  0.88083372  0.51879569],[-0.55888281  0.51879569  1.13815461]
[ 1.02298038 -0.96645857 -0.58482747],[-0.96645857  0.91309729  0.5525388 ],[-0.58482747  0.5525388   1.14397725]
[ 1.09738251 -1.01851191 -0.62948723],[-1.01851191  0.94534559  0.58426844],[-0.62948723  0.58426844  1.14708548]
[ 1.26813496 -1.0501872  -0.65548869],[-1.0501872   0.98041508  0.61652266],[-0.65548869  0.61652266  1.15292107]
[ 1.14360515 -1.06596446 -0.67316336],[-1.06596446  0.9936279   0.62748309],[-0.67316336  0.62748309  1.15848184]
[ 1.15979832 -1.09117097 -0.69750679],[-1.09117097  1.02663694  0.65625581],[-0.69750679  0.65625581  1.16430896]
[ 1.31010792 -1.10064786 -0.70471755],[-1.10064786  1.03809125  0.66519803],[-0.70471755  0.66519803  1.17014453]
[ 1.21879518 -1.14170688 -0.73777891],[-1.14170688  1.06952537  0.69113516],[-0.73777891  0.69113516  1.17545283]
[ 1.27832035 -1.19570661 -0.78069261],[-1.19570661  1.11846195  0.73025974],[-0.78069261  0.73025974  1.1803505 ]
[ 1.34850617 -1.25168409 -0.82223286],[-1.25168409  1.16184253  0.76321679],[-0.82223286  0.76321679  1.1844919 ]
[ 1.50019974 -1.26265659 -0.82945313],[-1.26265659  1.17484711  0.77224197],[-0.82945313  0.77224197  1.19032745]
[ 1.4073516  -1.30595392 -0.86124171],[-1.30595392  1.21188927  0.79920898],[-0.86124171  0.79920898  1.19579201]
[ 1.56526393 -1.32371229 -0.87247521],[-1.32371229  1.23213847  0.81325767],[-0.87247521  0.81325767  1.20162756]
[ 1.4658726  -1.36379814 -0.90169225],[-1.36379814  1.26885776  0.83892163],[-0.90169225  0.83892163  1.20719589]
[ 1.51948167 -1.416141   -0.93752283],[-1.416141    1.31985408  0.87377913],[-0.93752283  0.87377913  1.21257862]
[ 1.59057535 -1.47894205 -0.978794  ],[-1.47894205  1.37516826  0.91011517],[-0.978794    0.91011517  1.21731185]
[ 1.76186156 -1.51139776 -0.99706769],[-1.51139776  1.4112146   0.93305964],[-0.99706769  0.93305964  1.22314738]
[ 1.65169826 -1.54045169 -1.01720585],[-1.54045169  1.43672107  0.94870975],[-1.01720585  0.94870975  1.2287751 ]
[ 1.69488293 -1.59305744 -1.04950335],[-1.59305744  1.49737224  0.98646678],[-1.04950335  0.98646678  1.23457716]
[ 1.78160039 -1.66682088 -1.09365224],[-1.66682088  1.55945799  1.02320878],[-1.09365224  1.02320878  1.23875722]
[ 1.9380659  -1.6831133  -1.10202461],[-1.6831133   1.57826485  1.03374867],[-1.10202461  1.03374867  1.24459273]
[ 1.85114487 -1.7361985  -1.13298643],[-1.7361985   1.62841071  1.06264787],[-1.13298643  1.06264787  1.25020154]
[ 2.04723148 -1.79613987 -1.16264587],[-1.79613987  1.69431938  1.09999436],[-1.16264587  1.09999436  1.25603704]
[ 1.91068838 -1.80561667 -1.1704538 ],[-1.80561667  1.70634277  1.10610178],[-1.1704538   1.10610178  1.26184252]
[ 1.92789985 -1.84465886 -1.18986894],[-1.84465886  1.76503162  1.138507  ],[-1.18986894  1.138507    1.26741193]
[ 2.01484659 -1.92617053 -1.2334141 ],[-1.92617053  1.84141627  1.17914258],[-1.2334141   1.17914258  1.2723236 ]
[ 2.19314289 -1.96685454 -1.25218496],[-1.96685454  1.88701979  1.20280449],[-1.25218496  1.20280449  1.27815909]
[ 2.08814231 -2.00194007 -1.27156987],[-2.00194007  1.91931444  1.2190888 ],[-1.27156987  1.2190888   1.28384723]
[ 2.14304882 -2.06955032 -1.30426352],[-2.06955032  1.99859032  1.25954379],[-1.30426352  1.25954379  1.28968085]
[ 2.3016997  -2.08850731 -1.31265391],[-2.08850731  2.02063594  1.27011757],[-1.31265391  1.27011757  1.29551631]
[ 2.23052958 -2.15253065 -1.34488176],[-2.15253065  2.07727628  1.29786361],[-1.34488176  1.29786361  1.30097938]
[ 2.30919479 -2.23476995 -1.38384601],[-2.23476995  2.16276046  1.33925561],[-1.38384601  1.33925561  1.30654862]
[ 2.51755004 -2.30925304 -1.41499645],[-2.30925304  2.2457967   1.37854654],[-1.41499645  1.37854654  1.31238407]
[ 2.38758344 -2.32075045 -1.42245863],[-2.32075045  2.25580386  1.382651  ],[-1.42245863  1.382651    1.31815781]
[ 2.42633988 -2.3826261  -1.44759857],[-2.3826261   2.33971545  1.42152786],[-1.44759857  1.42152786  1.32377609]
[ 2.59600798 -2.41408127 -1.46036406],[-2.41408127  2.37576547  1.4376144 ],[-1.46036406  1.4376144   1.32961153]
[ 2.51166271 -2.46978942 -1.48593785],[-2.46978942  2.42862913  1.46117402],[-1.48593785  1.46117402  1.33527974]
[ 2.58757799 -2.55447083 -1.52199946],[-2.55447083  2.52180192  1.50253497],[-1.52199946  1.50253497  1.34104219]
[ 2.69680984 -2.66371073 -1.56881959],[-2.66371073  2.63103207  1.54957342],[-1.56881959  1.54957342  1.3462235 ]
[ 2.85290087 -2.67998733 -1.57501366],[-2.67998733  2.65038003  1.55739094],[-1.57501366  1.55739094  1.35205892]
[ 2.78683129 -2.75554898 -1.60667213],[-2.75554898  2.72463149  1.58864519],[-1.60667213  1.58864519  1.35772617]
[ 2.86999223 -2.84655876 -1.64308118],[-2.84655876  2.82333     1.62967334],[-1.64308118  1.62967334  1.36345471]
[ 2.97191891 -2.95008726 -1.6846275 ],[-2.95008726  2.928429    1.67225989],[-1.6846275   1.67225989  1.36885023]
[ 3.1384     -2.97813417 -1.6946954 ],[-2.97813417  2.9609292   1.68497875],[-1.6946954   1.68497875  1.37468563]
[ 3.06816778 -3.05313267 -1.7240647 ],[-3.05313267  3.03818378  1.71562331],[-1.7240647   1.71562331  1.38042932]
[ 3.26135962 -3.111402   -1.74458641],[-3.111402    3.10441593  1.74154795],[-1.74458641  1.74154795  1.38626471]
[ 3.14324716 -3.14403085 -1.75660423],[-3.14403085  3.14482683  1.75704899],[-1.75660423  1.75704899  1.3921005 ]
[ 3.2352323  -3.25752184 -1.79696497],[-3.25752184  3.2799769   1.80935218],[-1.79696497  1.80935218  1.39792905]
[ 3.33361371 -3.3514595  -1.83284868],[-3.3514595   3.36941239  1.84266687],[-1.83284868  1.84266687  1.40310388]
[ 3.53474205 -3.41899895 -1.85548424],[-3.41899895  3.44640187  1.87125967],[-1.85548424  1.87125967  1.40893924]
[ 3.42292525 -3.45781652 -1.86920711],[-3.45781652  3.49307457  1.88826676],[-1.86920711  1.88826676  1.41477502]
[ 3.65542861 -3.56121924 -1.90328812],[-3.56121924  3.61060541  1.93131639],[-1.90328812  1.93131639  1.42061038]
[ 3.50517995 -3.57373346 -1.90561681],[-3.57373346  3.64363847  1.94289221],[-1.90561681  1.94289221  1.42628627]
[ 3.53998175 -3.63611613 -1.92317212],[-3.63611613  3.73487188  1.97540494],[-1.92317212  1.97540494  1.43167501]
[ 3.64167114 -3.75009565 -1.9619342 ],[-3.75009565  3.86175878  2.02035301],[-1.9619342   2.02035301  1.43743879]
[ 3.85228939 -3.82927906 -1.98704736],[-3.82927906  3.95300739  2.05209958],[-1.98704736  2.05209958  1.44327412]
[ 3.74333729 -3.86677108 -2.00014022],[-3.86677108  3.99428503  2.06609858],[-2.00014022  2.06609858  1.44909583]
[ 3.82657913 -3.9727926  -2.03317125],[-3.9727926   4.12460281  2.11086383],[-2.03317125  2.11086383  1.45489271]
[ 3.97121967 -3.97626344 -2.03424932],[-3.97626344  4.12986467  2.11222649],[-2.03424932  2.11222649  1.46072802]
[ 3.95150347 -4.10355517 -2.07675745],[-4.10355517  4.26146743  2.15667487],[-2.07675745  2.15667487  1.4663726 ]
[ 4.06807907 -4.22842535 -2.11755707],[-4.22842535  4.39510124  2.20102692],[-2.11755707  2.20102692  1.4719752 ]
[ 4.28191418 -4.31165161 -2.14250715],[-4.31165161  4.4914266   2.23257356],[-2.14250715  2.23257356  1.4778105 ]
[ 4.56550504 -4.47554422 -2.19092055],[-4.47554422  4.68022226  2.29378678],[-2.19092055  2.29378678  1.4836458 ]
[ 4.29362153 -4.49187031 -2.19802362],[-4.49187031  4.6992816   2.299517  ],[-2.19802362  2.299517    1.48946638]
[ 4.28736706 -4.5437094  -2.20246244],[-4.5437094   4.81538726  2.33415232],[-2.20246244  2.33415232  1.49196582]
[ 4.61263831 -4.75731849 -2.26380916],[-4.75731849  5.06329588  2.4116775 ],[-2.26380916  2.4116775   1.4978011 ]
[ 4.52140244 -4.81671513 -2.28316627],[-4.81671513  5.13132426  2.43229388],[-2.28316627  2.43229388  1.50360463]
[ 4.758548   -4.92798661 -2.31440498],[-4.92798661  5.2613274   2.47175274],[-2.31440498  2.47175274  1.5094399 ]
[ 4.54418976 -4.89697379 -2.29685295],[-4.89697379  5.27715391  2.47517081],[-2.29685295  2.47517081  1.51389774]
[ 4.59089603 -4.98662946 -2.31656515],[-4.98662946  5.41648297  2.51625592],[-2.31656515  2.51625592  1.51865228]
[ 4.7189771  -5.13013901 -2.35830473],[-5.13013901  5.57713308  2.56378619],[-2.35830473  2.56378619  1.52436481]
[ 4.94082396 -5.22453736 -2.38409005],[-5.22453736  5.68888845  2.59641346],[-2.38409005  2.59641346  1.53020005]
[ 4.84270292 -5.27623208 -2.39880778],[-5.27623208  5.74857926  2.61355764],[-2.39880778  2.61355764  1.53603127]
[ 4.93701601 -5.39958099 -2.43106217],[-5.39958099  5.90549267  2.65883965],[-2.43106217  2.65883965  1.54178118]
[ 5.07912495 -5.40015166 -2.43121493],[-5.40015166  5.90746736  2.65903313],[-2.43121493  2.65903313  1.54761641]
[ 5.08526665 -5.56630736 -2.477638  ],[-5.56630736  6.09285946  2.71201341],[-2.477638    2.71201341  1.55337943]
[ 5.2095101  -5.70547982 -2.51624662],[-5.70547982  6.24867535  2.75580826],[-2.51624662  2.75580826  1.55910207]
[ 5.43655435 -5.8063373  -2.54257167],[-5.8063373   6.36845459  2.78911967],[-2.54257167  2.78911967  1.56493728]
[ 5.33526422 -5.85600305 -2.55583146],[-5.85600305  6.42757458  2.8052918 ],[-2.55583146  2.8052918   1.57077249]
[ 5.60435558 -6.00668178 -2.59470446],[-6.00668178  6.60611498  2.8544797 ],[-2.59470446  2.8544797   1.57660769]
[ 5.43708193 -5.99980293 -2.58995183],[-5.99980293  6.62077053  2.85800668],[-2.58995183  2.85800668  1.58224745]
[ 5.50996014 -6.11539809 -2.61547889],[-6.11539809  6.78736867  2.90287229],[-2.61547889  2.90287229  1.58742149]
[ 5.64604353 -6.27188789 -2.65670689],[-6.27188789  6.96711152  2.95119647],[-2.65670689  2.95119647  1.59319135]
[ 5.84571741 -6.34089331 -2.67405504],[-6.34089331  7.0500991   2.97316193],[-2.67405504  2.97316193  1.59902652]
[ 5.79023516 -6.44143471 -2.70010552],[-6.44143471  7.16587792  3.00377593],[-2.70010552  3.00377593  1.60485023]
[ 6.01713254 -6.54287681 -2.7253284 ],[-6.54287681  7.28736292  3.0357101 ],[-2.7253284   3.0357101   1.61068539]
[ 5.90851481 -6.59422646 -2.73679688],[-6.59422646  7.35952452  3.05441797],[-2.73679688  3.05441797  1.6164833 ]
[ 6.01534343 -6.73691128 -2.7703506 ],[-6.73691128  7.54504068  3.10266935],[-2.7703506   3.10266935  1.62217677]
[ 6.16344587 -6.90796453 -2.81357336],[-6.90796453  7.74242404  3.15344384],[-2.81357336  3.15344384  1.62794381]
[ 6.35657671 -6.96944885 -2.82843402],[-6.96944885  7.81685418  3.17226201],[-2.82843402  3.17226201  1.63377894]
[ 6.31522241 -7.08715756 -2.85760297],[-7.08715756  7.95345539  3.20690172],[-2.85760297  3.20690172  1.63960339]
[ 6.54675467 -7.19455731 -2.88327975],[-7.19455731  8.08259433  3.23941505],[-2.88327975  3.23941505  1.64543852]
[ 6.44255148 -7.24862203 -2.89529373],[-7.24862203  8.15555121  3.25754553],[-2.89529373  3.25754553  1.651256  ]
[ 6.5600269  -7.40365648 -2.93060236],[-7.40365648  8.35578386  3.30748463],[-2.93060236  3.30748463  1.65697461]
[ 6.71555883 -7.5850537  -2.97450728],[-7.5850537   8.56713178  3.35963291],[-2.97450728  3.35963291  1.6627582 ]
[ 6.95572091 -7.70312594 -3.00192132],[-7.70312594  8.70945975  3.39435031],[-3.00192132  3.39435031  1.6685933 ]
[ 6.87137862 -7.77269473 -3.01839246],[-7.77269473  8.7922416   3.41431597],[-3.01839246  3.41431597  1.67442757]
[ 7.15581085 -7.94394916 -3.05774555],[-7.94394916  8.9982712   3.46415118],[-3.05774555  3.46415118  1.68026265]
[ 6.99774484 -7.94593397 -3.0555661 ],[-7.94593397  9.02260733  3.46959505],[-3.0555661   3.46959505  1.68595318]
[ 7.09037846 -8.08372908 -3.0835732 ],[-8.08372908  9.21625184  3.51557888],[-3.0835732   3.51557888  1.69132097]
[ 7.24430627 -8.26717957 -3.12598069],[-8.26717957  9.4344846   3.56736134],[-3.12598069  3.56736134  1.69714037]
[ 7.49427188 -8.39766475 -3.15525253],[-8.39766475  9.5925212   3.60444935],[-3.15525253  3.60444935  1.70297543]
[ 7.40662968 -8.46341617 -3.17028831],[-8.46341617  9.67099126  3.62263062],[-3.17028831  3.62263062  1.70880979]
[ 7.5332597  -8.63178107 -3.20608615],[-8.63178107  9.89049698  3.67360864],[-3.20608615  3.67360864  1.71450979]
[ 7.67983338 -8.63775089 -3.2074081 ],[-8.63775089  9.89898587  3.6752836 ],[-3.2074081   3.6752836   1.72034483]
[ 7.70953936 -8.83812835 -3.25288379],[ -8.83812835  10.13193492   3.72907086],[-3.25288379  3.72907086  1.72614874]
[ 7.87242498 -9.03152978 -3.29614491],[ -9.03152978  10.36130147   3.78145807],[-3.29614491  3.78145807  1.73195905]
[ 8.13056125 -9.17219975 -3.32661348],[ -9.17219975  10.53203142   3.8200594 ],[-3.32661348  3.8200594   1.73779407]
[ 8.04129191 -9.23754132 -3.34085574],[ -9.23754132  10.61175352   3.83785429],[-3.34085574  3.83785429  1.74362994]
[ 8.17792959 -9.41843412 -3.3781112 ],[ -9.41843412  10.84711464   3.89053627],[-3.3781112   3.89053627  1.74933654]
[ 8.32298152 -9.42257818 -3.37899735],[ -9.42257818  10.85341985   3.89165912],[-3.37899735  3.89165912  1.75517154]
[ 8.3568578  -9.63030184 -3.42427034],[ -9.63030184  11.09780187   3.94607297],[-3.42427034  3.94607297  1.7609886 ]
[ 8.53581417 -9.84352089 -3.47031851],[ -9.84352089  11.3515759    4.00198106],[-3.47031851  4.00198106  1.76679873]
[ 8.79394657 -9.98452847 -3.49984973],[ -9.98452847  11.52316778   4.03939419],[-3.49984973  4.03939419  1.7726337 ]
[  8.71015928 -10.055951    -3.51495589],[-10.055951    11.6096831    4.05804723],[-3.51495589  4.05804723  1.7784692 ]
[  9.02626476 -10.26725334  -3.55882217],[-10.26725334  11.86633952   4.11362029],[-3.55882217  4.11362029  1.78430417]
[  8.86627966 -10.26754554  -3.55632292],[-10.26754554  11.89027796   4.11838135],[-3.55632292  4.11838135  1.79000421]
[  8.97541326 -10.43072802  -3.58610071],[-10.43072802  12.12201852   4.16756906],[-3.58610071  4.16756906  1.79528373]
[  9.15625395 -10.6493312   -3.63154755],[-10.6493312   12.38588342   4.22373235],[-3.63154755  4.22373235  1.80111066]
[  9.42083635 -10.7987872   -3.66191058],[-10.7987872   12.56852146   4.26221831],[-3.66191058  4.26221831  1.8069456 ]
[  9.33595958 -10.86832661  -3.67624049],[-10.86832661  12.65221435   4.27964529],[-3.67624049  4.27964529  1.81278042]
[  9.48826764 -11.07181666  -3.71538766],[-11.07181666  12.91965697   4.33547047],[-3.71538766  4.33547047  1.81845076]
[  9.63583109 -11.07904468  -3.71683945],[-11.07904468  12.92974493   4.33731071],[-3.71683945  4.33731071  1.82428567]
[  9.68306372 -11.30401963  -3.76282252],[-11.30401963  13.19632945   4.39272465],[-3.76282252  4.39272465  1.8301037 ]
[  9.86847337 -11.52723805  -3.807947  ],[-11.52723805  13.46482392   4.44801572],[-3.807947    4.44801572  1.83592389]
[ 10.15077024 -11.69857281  -3.84170715],[-11.69857281  13.67446667   4.49080435],[-3.84170715  4.49080435  1.84175878]
[ 10.0752022  -11.78126953  -3.85805896],[-11.78126953  13.77623476   4.51135812],[-3.85805896  4.51135812  1.84759473]
[ 10.40247986 -12.00751583  -3.90225833],[-12.00751583  14.05281454   4.56737731],[-3.90225833  4.56737731  1.85342961]
[ 10.22915226 -11.99326605  -3.89669971],[-11.99326605  14.06162171   4.56872357],[-3.89669971  4.56872357  1.85911331]
[ 10.36063722 -12.18520627  -3.93022814],[-12.18520627  14.33109644   4.62236562],[-3.93022814  4.62236562  1.86442214]
[ 10.56062946 -12.42777602  -3.97772472],[-12.42777602  14.62504266   4.68099793],[-3.97772472  4.68099793  1.87024704]
[ 10.838792   -12.59470639  -4.00969356],[-12.59470639  14.83015474   4.72153548],[-4.00969356  4.72153548  1.87608189]
[ 10.76097745 -12.6737293   -4.02494362],[-12.6737293   14.92647431   4.74037406],[-4.02494362  4.74037406  1.88191736]
[ 10.92984772 -12.89753541  -4.06580908],[-12.89753541  15.21946724   4.79777308],[-4.06580908  4.79777308  1.88761913]
[ 11.08178328 -12.91015558  -4.06820047],[-12.91015558  15.2361998    4.80080549],[-4.06820047  4.80080549  1.89345396]
[ 11.14422716 -13.15595389  -4.11539115],[-13.15595389  15.53083583   4.85829191],[-4.11539115  4.85829191  1.8992779 ]
[ 11.35348409 -13.40978004  -4.16368473],[-13.40978004  15.8385073    4.91779513],[-4.16368473  4.91779513  1.9051008 ]
[ 11.63885735 -13.58583076  -4.19644061],[-13.58583076  16.05515567   4.959329  ],[-4.19644061  4.959329    1.9109356 ]
[ 11.57024318 -13.6768638   -4.21343725],[-13.6768638   16.16704507   4.98058846],[-4.21343725  4.98058846  1.91677143]
[ 11.74093459 -13.90321802  -4.25358667],[-13.90321802  16.46372439   5.03695466],[-4.25358667  5.03695466  1.92247897]
[ 11.88797437 -13.90985696  -4.25480873],[-13.90985696  16.4731601    5.03850444],[-4.25480873  5.03850444  1.92831375]
[ 11.95430111 -14.16446489  -4.30189488],[-14.16446489  16.78325684   5.09724916],[-4.30189488  5.09724916  1.93414775]
[ 12.17038711 -14.42810899  -4.35054452],[-14.42810899  17.10466295   5.15761268],[-4.35054452  5.15761268  1.9399761 ]
[ 12.4641108  -14.61472059  -4.3843235 ],[-14.61472059  17.33466746   5.20044446],[-4.3843235   5.20044446  1.94581086]
[ 12.38255553 -14.69059806  -4.39802234],[-14.69059806  17.42885068   5.21779129],[-4.39802234  5.21779129  1.95164687]
[ 12.5832659  -14.95459478  -4.44388044],[-14.95459478  17.77280615   5.28133506],[-4.44388044  5.28133506  1.95735729]
[ 12.72600089 -14.95595807  -4.44412338],[-14.95595807  17.77578413   5.28164334],[-4.44412338  5.28164334  1.96319202]
[ 12.82388605 -15.24610461  -4.49669955],[-15.24610461  18.1258431    5.34605217],[-4.49669955  5.34605217  1.96901691]
[ 13.03954746 -15.50603448  -4.54369241],[-15.50603448  18.43907136   5.40315249],[-4.54369241  5.40315249  1.97482585]
[ 13.33764038 -15.69828688  -4.57756741],[-15.69828688  18.67635645   5.44610473],[-4.57756741  5.44610473  1.98066056]
[ 13.25935124 -15.78121903  -4.59182993],[-15.78121903  18.78273755   5.46517581],[-4.59182993  5.46517581  1.98649445]
[ 13.636842   -16.07117205  -4.64256754],[-16.07117205  19.14013305   5.52951155],[-4.64256754  5.52951155  1.99232914]
[ 13.45626769 -16.05156207  -4.63618612],[-16.05156207  19.14741079   5.53036269],[-4.63618612  5.53036269  1.99799218]
[ 13.61487025 -16.28038502  -4.67230516],[-16.28038502  19.46775639   5.58704838],[-4.67230516  5.58704838  2.00332394]
[ 13.85012846 -16.57125225  -4.7229417 ],[-16.57125225  19.82699603   5.65085517],[-4.7229417   5.65085517  2.00915914]
[ 14.15703549 -16.77499282  -4.75796601],[-16.77499282  20.07923561   5.69528839],[-4.75796601  5.69528839  2.0149938 ]
[ 14.33261545 -17.15991949  -4.82501787],[-17.15991949  20.54495073   5.77681932],[-4.82501787  5.77681932  2.02080253]
[ 14.4810121  -17.16826813  -4.82643402],[-17.16826813  20.55654038   5.77861593],[-4.82643402  5.77861593  2.02663717]
[ 14.53549423 -17.43310532  -4.86899014],[-17.43310532  20.90835011   5.83961082],[-4.86899014  5.83961082  2.03236663]
[ 14.78428044 -17.73944867  -4.92097952],[-17.73944867  21.28531597   5.9046144 ],[-4.92097952  5.9046144   2.03819875]
[ 15.1017807  -17.95653548  -4.95726648],[-17.95653548  21.55437096   5.95064489],[-4.95726648  5.95064489  2.04403336]
[ 15.02496382 -18.03847583  -4.97091672],[-18.03847583  21.65640166   5.96791936],[-4.97091672  5.96791936  2.04986937]
[ 15.23238974 -18.31489486  -5.01495928],[-18.31489486  22.02119439   6.02981312],[-5.01495928  6.02981312  2.05554883]
[ 15.38952816 -18.33406081  -5.01813585],[-18.33406081  22.04616122   6.03384282],[-5.01813585  6.03384282  2.06138342]
[ 15.50258167 -18.64636556  -5.07023879],[-18.64636556  22.42768318   6.09843827],[-5.07023879  6.09843827  2.06721454]
[ 15.74440282 -18.94314733  -5.11949429],[-18.94314733  22.79177411   6.15960777],[-5.11949429  6.15960777  2.07304304]
[ 16.08179923 -19.18511264  -5.15897716],[-19.18511264  23.09193123   6.20969196],[-5.15897716  6.20969196  2.07887761]
[ 15.99265817 -19.25398422  -5.16996736],[-19.25398422  23.18038352   6.22426116],[-5.16996736  6.22426116  2.08471276]
[ 16.41089579 -19.59598799  -5.22543785],[-19.59598799  23.60425671   6.29462727],[-5.22543785  6.29462727  2.09054731]
[ 16.24194521 -19.59089269  -5.22182929],[-19.59089269  23.63036649   6.29852563],[-5.22182929  6.29852563  2.09622783]
[ 16.41050725 -19.83400879  -5.2574107 ],[-19.83400879  23.97171157   6.35419366],[-5.2574107   6.35419366  2.1015905 ]
[ 16.6710515  -20.16081296  -5.30981431],[-20.16081296  24.38109087   6.42132168],[-5.30981431  6.42132168  2.10742484]
[ 17.01192124 -20.40774544  -5.3492056 ],[-20.40774544  24.68825331   6.4713147 ],[-5.3492056   6.4713147   2.11325935]
[ 16.9420379  -20.49912363  -5.36367963],[-20.49912363  24.803044     6.48981801],[-5.36367963  6.48981801  2.11909532]
[ 17.1626736  -20.79306069  -5.4084526 ],[-20.79306069  25.191379     6.55249275],[-5.4084526   6.55249275  2.12478362]
[ 17.33342617 -20.82918974  -5.41416918],[-20.82918974  25.23747365   6.55974837],[-5.41416918  6.55974837  2.13061811]
[ 17.43293553 -21.13042531  -5.46169189],[-21.13042531  25.6121475    6.62010614],[-5.46169189  6.62010614  2.13645411]
[ 17.72070931 -21.48644094  -5.5179627 ],[-21.48644094  26.05241014   6.69055559],[-5.5179627   6.69055559  2.14228603]
[ 18.05762005 -21.72878024  -5.55574005],[-21.72878024  26.35428993   6.73850268],[-5.55574005  6.73850268  2.1481205 ]
[ 17.97798856 -21.80639394  -5.56786685],[-21.80639394  26.45005904   6.75354244],[-5.56786685  6.75354244  2.15395624]
[ 18.21303133 -22.12127987  -5.61460746],[-22.12127987  26.86818339   6.81942021],[-5.61460746  6.81942021  2.15960701]
[ 18.38072106 -22.15364913  -5.61961592],[-22.15364913  26.90966808   6.82577691],[-5.61961592  6.82577691  2.16544145]
[ 18.51857381 -22.49695187  -5.67314331],[-22.49695187  27.33001426   6.89191534],[-5.67314331  6.89191534  2.17127043]
[ 18.78769892 -22.83097173  -5.72467713],[-22.83097173  27.74439357   6.95667697],[-5.72467713  6.95667697  2.17710464]
[ 19.14694457 -23.10131572  -5.76590723],[-23.10131572  28.08138252   7.00900402],[-5.76590723  7.00900402  2.18293905]
[ 19.06547908 -23.18093895  -5.77770662],[-23.18093895  28.18476111   7.02487855],[-5.77770662  7.02487855  2.1887733 ]
[ 19.3398181  -23.54399158  -5.83087545],[-23.54399158  28.66208873   7.09841698],[-5.83087545  7.09841698  2.19445098]
[ 19.48170898 -23.54432216  -5.83092328],[-23.54432216  28.66380494   7.09847791],[-5.83092328  7.09847791  2.20028536]
[ 19.61935707 -23.88582562  -5.8831294 ],[-23.88582562  29.08009201   7.1624882 ],[-5.8831294   7.1624882   2.20611037]
[ 19.90774406 -24.24644766  -5.93736474],[-24.24644766  29.53073264   7.23135749],[-5.93736474  7.23135749  2.21194638]
[ 20.2651629  -24.51480981  -5.97742396],[-24.51480981  29.86563411   7.28219671],[-5.97742396  7.28219671  2.21778073]
[ 20.21366472 -24.62835975  -5.99435239],[-24.62835975  30.00723301   7.30352856],[-5.99435239  7.30352856  2.22361669]
[ 20.46921758 -24.96726391  -6.04287663],[-24.96726391  30.45374393   7.37078032],[-6.04287663  7.37078032  2.22931383]
[ 20.62839739 -24.98910982  -6.04611157],[-24.98910982  30.48222452   7.37488606],[-6.04611157  7.37488606  2.23514815]
[ 20.75689103 -25.32640731  -6.0960083 ],[-25.32640731  30.90187975   7.43801176],[-6.0960083   7.43801176  2.24098408]
[ 21.07241412 -25.71769226  -6.15393747],[-25.71769226  31.38699416   7.5105339 ],[-6.15393747  7.5105339   2.24681576]
[ 21.45128081 -26.01302649  -6.19709247],[-26.01302649  31.75581167   7.56530295],[-6.19709247  7.56530295  2.25265006]
[ 21.36475175 -26.08430346  -6.20735845],[-26.08430346  31.84642342   7.57858709],[-6.20735845  7.57858709  2.25848593]
[ 21.64536644 -26.4596892   -6.25970097],[-26.4596892   32.34480684   7.65197267],[-6.25970097  7.65197267  2.26411326]
[ 21.80569917 -26.48299462  -6.26308087],[-26.48299462  32.37513507   7.65626232],[-6.26308087  7.65626232  2.26994753]
[ 22.00934677 -26.90847165  -6.32524094],[-26.90847165  32.89810907   7.73319529],[-6.32524094  7.73319529  2.27577522]
[ 22.27900015 -27.24184259  -6.37361602],[-27.24184259  33.31020364   7.79339529],[-6.37361602  7.79339529  2.28160502]
[ 22.66724193 -27.54912702  -6.4176032 ],[-27.54912702  33.69425391   7.84921881],[-6.4176032   7.84921881  2.28743926]
[ 22.58158794 -27.62695395  -6.4281267 ],[-27.62695395  33.7995995    7.86435264],[-6.4281267   7.86435264  2.29326839]
[ 22.85590902 -27.99526428  -6.47833483],[-27.99526428  34.2902514    7.93504672],[-6.47833483  7.93504672  2.29889469]
[ 23.02945079 -28.03506476  -6.48399276],[-28.03506476  34.34117267   7.94222764],[-6.48399276  7.94222764  2.3047289 ]
[ 23.19202881 -28.41177256  -6.53779926],[-28.41177256  34.80630655   8.00923789],[-6.53779926  8.00923789  2.31056135]
[ 23.51104162 -28.81100521  -6.59425891],[-28.81100521  35.30571208   8.08076652],[-6.59425891  8.08076652  2.3163973 ]
[ 23.91619291 -29.1397156   -6.64038002],[-29.1397156   35.71691046   8.13930041],[-6.64038002  8.13930041  2.32223148]
[ 23.83629642 -29.220968    -6.65150736],[-29.220968    35.82205054   8.15409787],[-6.65150736  8.15409787  2.3280665 ]
[ 24.12368173 -29.60536382  -6.70302496],[-29.60536382  36.33266355   8.22616983],[-6.70302496  8.22616983  2.3337094 ]
[ 24.30226382 -29.65149388  -6.70945262],[-29.65149388  36.39153251   8.23432777],[-6.70945262  8.23432777  2.33954355]
[ 24.45331401 -30.01607684  -6.7603359 ],[-30.01607684  36.84428677   8.29821152],[-6.7603359   8.29821152  2.34537851]
[ 24.79378624 -30.44457597  -6.81958465],[-30.44457597  37.38324763   8.37384702],[-6.81958465  8.37384702  2.35121368]
[ 25.18577768 -30.75718244  -6.86260603],[-30.75718244  37.77476633   8.42844783],[-6.86260603  8.42844783  2.35704781]
[ 25.12046706 -30.85412528  -6.8758724 ],[-30.85412528  37.8964726    8.44526648],[-6.8758724   8.44526648  2.36288382]
[ 25.42844701 -31.26249242  -6.9299108 ],[-31.26249242  38.43504393   8.51983977],[-6.9299108   8.51983977  2.3685647 ]
[ 25.5984815  -31.29798454  -6.93476129],[-31.29798454  38.48067856   8.52599604],[-6.93476129  8.52599604  2.3743988 ]
[ 25.77608954 -31.6970276   -6.98930266],[-31.6970276   38.97804601   8.59479204],[-6.98930266  8.59479204  2.38023442]
[ 26.12594683 -32.13377078  -7.04883564],[-32.13377078  39.52313294   8.66975962],[-7.04883564  8.66975962  2.38606891]
[ 26.56231309 -32.50208762  -7.09854318],[-32.50208762  39.98458478   8.73284671],[-7.09854318  8.73284671  2.39190298]
[ 26.46893062 -32.56575287  -7.10693203],[-32.56575287  40.06691166   8.74393474],[-7.10693203  8.74393474  2.39773857]
[ 26.77917386 -32.98264355  -7.1605434 ],[-32.98264355  40.62316587   8.81930346],[-7.1605434   8.81930346  2.40334288]
[ 26.9619495  -33.03409862  -7.16744294],[-33.03409862  40.68879657   8.82806017],[-7.16744294  8.82806017  2.40917692]
[ 27.14984027 -33.44207603  -7.22247501],[-33.44207603  41.19259944   8.8963532 ],[-7.22247501  8.8963532   2.41500769]
[ 27.48256401 -33.86135535  -7.27825981],[-33.86135535  41.72068631   8.96756764],[-7.27825981  8.96756764  2.42084294]
[ 27.92488794 -34.23743394  -7.32809428],[-34.23743394  42.19224382   9.03081444],[-7.32809428  9.03081444  2.42667695]
[ 27.84494529 -34.319134    -7.33862551],[-34.319134    42.29862876   9.04491926],[-7.33862551  9.04491926  2.43251177]
[ 28.17784793 -34.76258641  -7.39497551],[-34.76258641  42.8860807    9.12307021],[-7.39497551  9.12307021  2.43815759]
[ 28.34545491 -34.79510093  -7.39925434],[-34.79510093  42.92806741   9.12850091],[-7.39925434  9.12850091  2.44399156]
[ 28.5333232  -35.20592872  -7.45344809],[-35.20592872  43.4389452    9.19646023],[-7.45344809  9.19646023  2.4498261 ]
[ 28.91188466 -35.68186898  -7.51573825],[-35.68186898  44.03710914   9.27561798],[-7.51573825  9.27561798  2.45566207]
[ 29.35440693 -36.05850499  -7.5647323 ],[-36.05850499  44.50976196   9.33779881],[-7.5647323   9.33779881  2.46149601]
[ 29.28145936 -36.14470747  -7.57597631],[-36.14470747  44.61662611   9.35170115],[-7.57597631  9.35170115  2.46733173]
[ 29.6164721  -36.59214389  -7.63171465],[-36.59214389  45.21082175   9.42923955],[-7.63171465  9.42923955  2.4729679 ]
[ 29.79977891 -36.64434345  -7.63846164],[-36.64434345  45.27748667   9.4378025 ],[-7.63846164  9.4378025   2.47880181]
[ 29.99131959 -37.05966696  -7.69228582],[-37.05966696  45.79388239   9.50520231],[-7.69228582  9.50520231  2.48463602]
[ 30.37943514 -37.54721929  -7.75499699],[-37.54721929  46.40618617   9.58472667],[-7.75499699  9.58472667  2.49047202]
[ 30.8282813  -37.93203835  -7.80416885],[-37.93203835  46.88942421   9.64713152],[-7.80416885  9.64713152  2.49630589]
[ 30.75886305 -38.02538406  -7.81591916],[-38.02538406  47.00856066   9.6623642 ],[-7.81591916  9.6623642   2.50214168]
[ 31.09119181 -38.46931893  -7.87026149],[-38.46931893  47.59832157   9.73792226],[-7.87026149  9.73792226  2.5077898 ]
[ 31.28637153 -38.53643468  -7.87878581],[-38.53643468  47.68372409   9.74874079],[-7.87878581  9.74874079  2.51362365]
[ 31.50062892 -38.98007007  -7.9352967 ],[-38.98007007  48.23541503   9.81943668],[-7.9352967   9.81943668  2.51945738]
[ 31.88629591 -39.46644959  -7.99662721],[-39.46644959  48.84859298   9.8976217 ],[-7.99662721  9.8976217   2.52529286]
[ 32.38248284 -39.91088202  -8.05241346],[-39.91088202  49.40689398   9.96842048],[-8.05241346  9.96842048  2.53112667]
[ 32.33859432 -40.03501396  -8.06794309],[-40.03501396  49.56314347   9.98807247],[-8.06794309  9.98807247  2.53696268]
[ 32.6416724  -40.44107657  -8.11667173],[-40.44107657  50.10407253  10.0560703 ],[ -8.11667173  10.0560703    2.54263463]
[ 32.82359867 -40.49161726  -8.12297809],[-40.49161726  50.16875036  10.06407448],[ -8.12297809  10.06407448   2.54846841]
[ 33.0333552  -40.93977564  -8.17833439],[-40.93977564  50.73857216  10.135791  ],[ -8.17833439  10.135791     2.55429979]
[ 33.46585687 -41.48424991  -8.24589941],[-41.48424991  51.42384505  10.22161072],[ -8.24589941  10.22161072   2.56013578]
[ 33.9190797  -41.87513079  -8.29412615],[-41.87513079  51.91541934  10.28282005],[ -8.29412615  10.28282005   2.56596952]
[ 34.26048931 -42.47629999  -8.36858877],[-42.47629999  52.66229834  10.37541214],[ -8.36858877  10.37541214   2.57179754]
[ 34.45080593 -42.53738233  -8.37606353],[-42.53738233  52.74021941  10.38489876],[ -8.37606353  10.38489876   2.57763126]
[ 34.65967319 -43.00834232  -8.43125909],[-43.00834232  53.3680034   10.46214384],[ -8.43125909  10.46214384   2.58335489]
[ 35.04999492 -43.50146301  -8.49115493],[-43.50146301  53.9908019   10.53859415],[ -8.49115493  10.53859415   2.58919008]
[ 35.5368543  -43.93479552  -8.54362474],[-43.93479552  54.53595169  10.60518664],[ -8.54362474  10.60518664   2.59502377]
[ 35.467526   -44.02948525  -8.55482787],[-44.02948525  54.65832657  10.61998733],[ -8.55482787  10.61998733   2.60085904]
[ 35.85037807 -44.54039226  -8.61415504],[-44.54039226  55.33683875  10.70219826],[ -8.61415504  10.70219826   2.60648817]
[ 36.02604213 -44.58313813  -8.61929939],[-44.58313813  55.39181782  10.70872752],[ -8.61929939  10.70872752   2.61232182]
[ 36.27485428 -45.07204727  -8.67822149],[-45.07204727  56.00269207  10.78281984],[ -8.67822149  10.78281984   2.6181568 ]
[ 36.7005426  -45.60757618  -8.74239827],[-45.60757618  56.67630247  10.86413377],[ -8.74239827  10.86413377   2.62399273]
[ 37.24237144 -46.11022259  -8.80224906],[-46.11022259  57.30885004  10.94009459],[ -8.80224906  10.94009459   2.62982635]
[ 37.15907865 -46.18716471  -8.81118497],[-46.18716471  57.40869551  10.95193087],[ -8.81118497  10.95193087   2.63566183]
[ 37.52229898 -46.67571739  -8.86667647],[-46.67571739  58.0620778   11.02966784],[ -8.86667647  11.02966784   2.64126674]
[ 37.70210236 -46.72369136  -8.87235698],[-46.72369136  58.12365993  11.03687769],[ -8.87235698  11.03687769   2.64710033]
[ 37.94517927 -47.20680243  -8.9295586 ],[-47.20680243  58.72899503  11.10907699],[ -8.9295586   11.10907699   2.65293599]
[ 38.41906489 -47.80525279  -8.99998635],[-47.80525279  59.48458792  11.19877938],[ -8.99998635  11.19877938   2.65877156]
[ 38.8950283  -48.22544353  -9.04923244],[-48.22544353  60.01393032  11.26128206],[ -9.04923244  11.26128206   2.66460512]
[ 38.85249583 -48.35060212  -9.0638541 ],[-48.35060212  60.17067178  11.27965663],[ -9.0638541   11.27965663   2.67044105]
[ 39.24861814 -48.87583532  -9.12321216],[-48.87583532  60.86449511  11.36102735],[ -9.12321216  11.36102735   2.67611926]
[ 39.44231195 -48.94129876  -9.13084139],[-48.94129876  60.94809687  11.37071055],[ -9.13084139  11.37071055   2.68195277]
[ 39.69020099 -49.43221708  -9.18793704],[-49.43221708  61.56542606  11.44312944],[ -9.18793704  11.44312944   2.68778878]
[ 40.14974249 -50.01405272  -9.25524141],[-50.01405272  62.3019069   11.52914346],[ -9.25524141  11.52914346   2.69362327]
[ 40.67871754 -50.50113654  -9.31143313],[-50.50113654  62.91565583  11.60046189],[ -9.31143313  11.60046189   2.69945675]
[ 40.63718724 -50.62814146  -9.3260168 ],[-50.62814146  63.07544716  11.6188875 ],[ -9.3260168   11.6188875    2.70529275]
[ 41.05448013 -51.18077267  -9.3875351 ],[-51.18077267  63.80476704  11.70301773],[ -9.3875351   11.70301773   2.71097002]
[ 41.2245284  -51.21652731  -9.39163384],[-51.21652731  63.85104583  11.70822008],[ -9.39163384  11.70822008   2.71680347]
[ 41.49980221 -51.74193985  -9.45178773],[-51.74193985  64.5118349   11.78448607],[ -9.45178773  11.78448607   2.72263947]
[ 41.95910274 -52.32211656  -9.5179468 ],[-52.32211656  65.24457753  11.86867923],[ -9.5179468   11.86867923   2.72847526]
[ 42.50509829 -52.83086569  -9.57572654],[-52.83086569  65.88590379  11.94201379],[ -9.57572654  11.94201379   2.73430867]
[ 42.44345418 -52.93481028  -9.58731136],[-52.93481028  66.01946621  11.95714455],[ -9.58731136  11.95714455   2.74014428]
[ 42.8576179  -53.48631947  -9.64754676],[-53.48631947  66.75094326  12.04014134],[ -9.64754676  12.04014134   2.74579467]
[ 43.06974078 -53.5750499   -9.65756912],[-53.5750499   66.86391906  12.0528623 ],[ -9.65756912  12.0528623    2.75162804]
[ 43.3253821  -54.07665294  -9.71407175],[-54.07665294  67.49587197  12.12463619],[ -9.71407175  12.12463619   2.75746405]
[ 43.84762756 -54.73736122  -9.78821068],[-54.73736122  68.33160495  12.21915215],[ -9.78821068  12.21915215   2.76329931]
[ 44.36475615 -55.21005374  -9.84106717],[-55.21005374  68.92790575  12.28623967],[ -9.84106717  12.28623967   2.76913264]
[ 44.30991282 -55.3188363   -9.85323767],[-55.3188363   69.06295916  12.30130271],[ -9.85323767  12.30130271   2.77496833]
[ 44.72780148 -55.87715676  -9.91316235],[-55.87715676  69.80572697  12.38422898],[ -9.91316235  12.38422898   2.7805999 ]
[ 44.93198443 -55.95593306  -9.92192724],[-55.95593306  69.90622542  12.3953538 ],[ -9.92192724  12.3953538    2.7864332 ]
[ 45.21176129 -56.48616674  -9.98089675],[-56.48616674  70.57205895  12.46982181],[ -9.98089675  12.46982181   2.7922689 ]
[ 45.72038533 -57.1314444  -10.05212701],[-57.1314444   71.39051796  12.56097341],[-10.05212701  12.56097341   2.7981025 ]
[ 46.28715038 -57.66687907 -10.11111973],[-57.66687907  72.06612575  12.63584841],[-10.11111973  12.63584841   2.80393576]
[ 46.22975917 -57.7750324  -10.12288802],[-57.7750324   72.20358658  12.65094612],[-10.12288802  12.65094612   2.80977172]
[ 46.69335672 -58.38903928 -10.18821861],[-58.38903928  73.01424012  12.74014865],[-10.18821861  12.74014865   2.81543653]
[ 46.87756293 -58.44268528 -10.19409536],[-58.44268528  73.08312772  12.74760771],[-10.19409536  12.74760771   2.82126975]
[ 47.17737561 -58.99692124 -10.25488899],[-58.99692124  73.77766826  12.8240895 ],[-10.25488899  12.8240895    2.82710476]
[ 47.67067116 -59.62297007 -10.3229641 ],[-59.62297007  74.57202773  12.91120459],[-10.3229641   12.91120459   2.83293856]
[ 48.26163873 -60.18913948 -10.38443258],[-60.18913948  75.28666559  12.9892211 ],[-10.38443258  12.9892211    2.83877174]
[ 48.20926523 -60.30145614 -10.39661767],[-60.30145614  75.42669746  13.00437146],[-10.39661767  13.00437146   2.84460754]
[ 48.65769012 -60.89909084 -10.45900952],[-60.89909084  76.22020913  13.09030861],[-10.45900952  13.09030861   2.85024601]
[ 48.87304005 -60.99201442 -10.46904505],[-60.99201442  76.33863051  13.10304615],[-10.46904505  13.10304615   2.85607916]
[ 49.16689159 -61.54388203 -10.52839398],[-61.54388203  77.03658588  13.17875149],[-10.52839398  13.17875149   2.86191486]
[ 49.70291437 -62.22276358 -10.60124186],[-62.22276358  77.89628452  13.27162769],[-10.60124186  13.27162769   2.86775012]
[ 50.28113172 -62.77312506 -10.66012437],[-62.77312506  78.59133435  13.34636314],[-10.66012437  13.34636314   2.87358323]
[ 50.21124391 -62.86496094 -10.66982749],[-62.86496094  78.70753753  13.35872695],[-10.66982749  13.35872695   2.87941923]
[ 50.68969835 -63.50173434 -10.73542984],[-63.50173434  79.55206772  13.44885537],[-10.73542984  13.44885537   2.88505091]
[ 50.92631012 -63.62151106 -10.7481802 ],[-63.62151106  79.70440311  13.46503834],[-10.7481802   13.46503834   2.89088399]
[ 51.26849707 -64.22738147 -10.81284676],[-64.22738147  80.46181998  13.54595672],[-10.81284676  13.54595672   2.89671708]
[ 51.75913708 -64.85049251 -10.87863272],[-64.85049251  81.25302445  13.630148  ],[-10.87863272  13.630148     2.90255099]
[ 52.36479091 -65.43567332 -10.94035623],[-65.43567332  81.9922633   13.70848763],[-10.94035623  13.70848763   2.90838402]
[ 52.29436457 -65.53106806 -10.95003747],[-65.53106806  82.11823526  13.72170147],[-10.95003747  13.72170147   2.91421816]
[ 52.79401984 -66.19609952 -11.0175735 ],[-66.19609952  83.00037877  13.81445101],[-11.0175735   13.81445101   2.91983976]
[ 53.01495808 -66.2961566  -11.02807246],[-66.2961566   83.12790581  13.82777669],[-11.02807246  13.82777669   2.92567275]
[ 53.32047059 -66.85905493 -11.08713324],[-66.85905493  83.83521804  13.902264  ],[-11.08713324  13.902264     2.93150827]
[ 53.8412593  -67.52290691 -11.15613084],[-67.52290691  84.68121046  13.99102478],[-11.15613084  13.99102478   2.93733814]
[ 54.48553348 -68.15709289 -11.22210207],[-68.15709289  85.48263158  14.07475686],[-11.22210207  14.07475686   2.94317109]
[ 54.45923405 -68.3042547  -11.23727701],[-68.3042547   85.66905766  14.09409906],[-11.23727701  14.09409906   2.94900709]
[ 54.92035924 -68.91925747 -11.29879077],[-68.91925747  86.48639902  14.1787907 ],[-11.29879077  14.1787907    2.95465308]
[ 55.13722923 -69.01422218 -11.30861892],[-69.01422218  86.60755295  14.1912652 ],[-11.30861892  14.1912652    2.96048599]
[ 55.4755172  -69.62249261 -11.37133738],[-69.62249261  87.37713092  14.27117585],[-11.37133738  14.27117585   2.9663218 ]
[ 56.07163787 -70.38001202 -11.4491233 ],[-70.38001202  88.3396015   14.37071352],[-11.4491233   14.37071352   2.97215497]
[ 56.64547743 -70.92556512 -11.5050812 ],[-70.92556512  89.02949774  14.4417377 ],[-11.5050812   14.4417377    2.97798784]
[ 56.58666611 -71.02752745 -11.51562404],[-71.02752745  89.15368327  14.45440007],[-11.51562404  14.45440007   2.98382272]
[ 57.11937781 -71.73387415 -11.58562408],[-71.73387415  90.08761914  14.54990828],[-11.58562408  14.54990828   2.98946603]
[ 57.3403849  -71.83409794 -11.59585497],[-71.83409794  90.21545842  14.56289383],[-11.59585497  14.56289383   2.99529886]
[ 57.72944078 -72.50554017 -11.66422097],[-72.50554017  91.06364686  14.64972879],[-11.66422097  14.64972879   3.00113487]
[ 58.25473392 -73.17061138 -11.73172852],[-73.17061138  91.90563689  14.73558798],[-11.73172852  14.73558798   3.00697075]
[ 58.88927483 -73.79299517 -11.79472293],[-73.79299517  92.69277827  14.81554272],[-11.79472293  14.81554272   3.01280353]
[ 58.83039814 -73.90288803 -11.8054712 ],[-73.90288803  92.83698709  14.83006153],[-11.8054712   14.83006153   3.01863787]
[ 59.40773895 -74.66750197 -11.88026916],[-74.66750197  93.84696342  14.93189347],[-11.88026916  14.93189347   3.02426758]
[ 59.61113374 -74.74551977 -11.88812229],[-74.74551977  93.94680614  14.94186092],[-11.88812229  14.94186092   3.03010033]
[ 59.96069308 -75.359088   -11.95019155],[-75.359088    94.71191719  15.01909833],[-11.95019155  15.01909833   3.03593116]
[ 60.55607224 -76.11710528 -12.02588659],[-76.11710528  95.67684222  15.11616672],[-12.02588659  15.11616672   3.04176285]
[ 61.19962932 -76.75109707 -12.08919138],[-76.75109707  96.4789257   15.19651359],[-12.08919138  15.19651359   3.04759555]
[ 61.23420743 -76.97616867 -12.11145721],[-76.97616867  96.76504106  15.22504529],[-12.11145721  15.22504529   3.0534314 ]
[ 61.7084762  -77.6039794  -12.17209544],[-77.6039794   97.59401048  15.30750896],[-12.17209544  15.30750896   3.05913592]
[ 61.94418348 -77.72284652 -12.18390561],[-77.72284652  97.74549387  15.32249952],[-12.18390561  15.32249952   3.06496859]
[ 62.29551265 -78.35670363 -12.24614671],[-78.35670363  98.55883349  15.40348022],[-12.24614671  15.40348022   3.07079607]
[ 62.89213653 -79.11660115 -12.32101299],[-79.11660115  99.52653826  15.49950014],[-12.32101299  15.49950014   3.07662779]
[ 63.54332915 -79.76051334 -12.38446375],[ -79.76051334  100.34150334   15.58003748],[-12.38446375  15.58003748   3.08246041]
[ 63.4968548  -79.88041216 -12.39622497],[ -79.88041216  100.49128135   15.59471837],[-12.39622497  15.59471837   3.08829628]
[ 64.0500046  -80.61633824 -12.46612756],[ -80.61633824  101.46750318   15.69045265],[-12.46612756  15.69045265   3.093919  ]
[ 64.29299123 -80.74445489 -12.4786926 ],[ -80.74445489  101.63073953   15.70640109],[-12.4786926   15.70640109   3.09975158]
[ 64.67479785 -81.40277254 -12.54333148],[ -81.40277254  102.45739688   15.78763292],[-12.54333148  15.78763292   3.10558616]
[ 65.30148586 -82.20047442 -12.62093961],[ -82.20047442  103.47265395   15.88703868],[-12.62093961  15.88703868   3.11141863]
[ 65.99010598 -82.8918946  -12.68817828],[ -82.8918946   104.34792272   15.97238185],[-12.68817828  15.97238185   3.11725117]
[ 66.58131376 -83.81642269 -12.77788255],[ -83.81642269  105.51297911   16.08554042],[-12.77788255  16.08554042   3.12308611]
[ 66.82717362 -83.94818071 -12.79060725],[ -83.94818071  105.68083033   16.1016912 ],[-12.79060725  16.1016912    3.12891862]
[ 67.13111563 -84.54981293 -12.84628292],[ -84.54981293  106.48818889   16.17954381],[-12.84628292  16.17954381   3.13464226]
[ 67.75762661 -85.35416625 -12.92298477],[ -85.35416625  107.52049792   16.27906192],[-12.92298477  16.27906192   3.14045794]
[ 68.45787578 -86.06055028 -12.99067669],[ -86.06055028  108.41501789   16.36498274],[-12.99067669  16.36498274   3.1462904 ]
[ 68.44762062 -86.22825965 -13.0065781 ],[ -86.22825965  108.62777625   16.38529713],[-13.0065781   16.38529713   3.15212637]
[ 68.97209943 -86.9250634  -13.07103173],[ -86.9250634   109.55106145   16.47333168],[-13.07103173  16.47333168   3.15779403]
[ 69.2492305  -87.09645424 -13.08738234],[ -87.09645424  109.76914268   16.49408633],[-13.08738234  16.49408633   3.16362645]
[ 69.60173501 -87.72931714 -13.14720439],[ -87.72931714  110.5781794    16.57135805],[-13.14720439  16.57135805   3.16945856]
[ 70.3498144  -88.6827971  -13.23738823],[ -88.6827971   111.79330925   16.68701805],[-13.23738823  16.68701805   3.17528846]
[ 70.98546511 -89.30772884 -13.29650026],[ -89.30772884  112.58513025   16.76205142],[-13.29650026  16.76205142   3.18112083]
[ 70.91619368 -89.39433542 -13.30485271],[ -89.39433542  112.68719943   16.77160621],[-13.30485271  16.77160621   3.18695445]
[ 71.51393825 -90.18712793 -13.37736592],[ -90.18712793  113.73612331   16.87036471],[-13.37736592  16.87036471   3.1925944 ]
[ 71.76938708 -90.3311403  -13.39093374],[ -90.3311403   113.91963433   16.88758682],[-13.39093374  16.88758682   3.19842672]
[ 72.18160045 -91.03450294 -13.45693642],[ -91.03450294  114.81154102   16.97171465],[-13.45693642  16.97171465   3.20426247]
[ 72.85325949 -91.89285388 -13.53700471],[ -91.89285388  115.90828892   17.07478859],[-13.53700471  17.07478859   3.21008944]
[ 73.54658061 -92.5909389  -13.60225261],[ -92.5909389   116.79290281   17.15760957],[-13.60225261  17.15760957   3.21592172]
[ 73.49942019 -92.71022531 -13.61331569],[ -92.71022531  116.94222773   17.17147659],[-13.61331569  17.17147659   3.22175767]
[ 74.12100388 -93.53457045 -13.68779126],[ -93.53457045  118.03288497   17.27285948],[-13.68779126  17.27285948   3.22738976]
[ 74.38395105 -93.68811727 -13.70207886],[ -93.68811727  118.22851943   17.2909949 ],[-13.70207886  17.2909949    3.23322199]
[ 74.78405116 -94.37066981 -13.76562662],[ -94.37066981  119.08720159   17.37096871],[-13.76562662  17.37096871   3.23905698]
[ 75.47015944 -95.24605726 -13.84638738],[ -95.24605726  120.20395276   17.47463929],[-13.84638738  17.47463929   3.24488712]
[ 76.20961271 -96.00271507 -13.91625315],[ -96.00271507  121.16293509   17.56332009],[-13.91625315  17.56332009   3.25071931]
[ 76.15339212 -96.11291078 -13.92621632],[ -96.11291078  121.30374521   17.57622553],[-13.92621632  17.57622553   3.25655517]
[ 76.76994274 -96.9322547  -13.99924024],[ -96.9322547   122.38985367   17.67590127],[-13.99924024  17.67590127   3.26217902]
[ 77.05452305 -97.11323148 -14.01587819],[ -97.11323148  122.62026819   17.69701991],[-14.01587819  17.69701991   3.26801116]
[ 77.47621421 -97.82450591 -14.08122724],[ -97.82450591  123.5170576    17.77950975],[-14.08122724  17.77950975   3.27384672]
[ 78.16696408 -98.70984342 -14.1616947 ],[ -98.70984342  124.65155018   17.88349709],[-14.1616947   17.88349709   3.27966782]
[ 78.94589044 -99.51670412 -14.2352904 ],[ -99.51670412  125.6743816    17.97691166],[-14.2352904   17.97691166   3.28549992]
[ 78.91888468 -99.66164649 -14.24841251],[ -99.66164649  125.8563635    17.99341519],[-14.24841251  17.99341519   3.29133588]
[  79.50985966 -100.44711461  -14.31757232],[-100.44711461  126.8977575    18.08780499],[-14.31757232  18.08780499   3.2969821 ]
[  79.77731944 -100.60646278  -14.33204476],[-100.60646278  127.10084889   18.10617533],[-14.33204476  18.10617533   3.30281415]
[  80.22187709 -101.35522112  -14.39957553],[-101.35522112  128.05585308   18.19294466],[-14.39957553  18.19294466   3.30864776]
[  80.91109997 -102.23432353  -14.47876489],[-102.23432353  129.17704701   18.29448299],[-14.47876489  18.29448299   3.31447923]
[  81.70383433 -103.05891502  -14.5530913 ],[-103.05891502  130.22264332   18.38882769],[-14.5530913   18.38882769   3.32031123]
[  81.65221087 -103.17208847  -14.56322097],[-103.17208847  130.3636458    18.40143598],[-14.56322097  18.40143598   3.32614711]
[  82.30537769 -104.03941833  -14.63872759],[-104.03941833  131.51267787   18.50431593],[-14.63872759  18.50431593   3.3317677 ]
[  82.59984539 -104.23302455  -14.65610187],[-104.23302455  131.75922367   18.52636983],[-14.65610187  18.52636983   3.33759966]
[  83.01569241 -104.94186226  -14.71943351],[-104.94186226  132.65919      18.60714194],[-14.71943351  18.60714194   3.34343535]
[  83.72882115 -105.8549073   -14.80053647],[-105.8549073   133.82800931   18.71171005],[-14.80053647  18.71171005   3.34925992]
[  84.52615286 -106.68556098  -14.87453335],[-106.68556098  134.88158817   18.8056375 ],[-14.87453335  18.8056375    3.35509183]
[  84.49630392 -106.82955928  -14.8871188 ],[-106.82955928  135.06572789   18.82193983],[-14.8871188   18.82193983   3.36092761]
[  85.14012216 -107.68485572  -14.96069574],[-107.68485572  136.1993372    18.92222291],[-14.96069574  18.92222291   3.36655722]
[  85.41115949 -107.84883148  -14.97524011],[-107.84883148  136.40841231   18.94068508],[-14.97524011  18.94068508   3.37238908]
[  85.84220229 -108.57666131  -15.03954853],[-108.57666131  137.33211781   19.02262443],[-15.03954853  19.02262443   3.37822488]
[  86.61304889 -109.56259626  -15.12618404],[-109.56259626  138.59300314   19.1341146 ],[-15.12618404  19.1341146    3.38405086]
[  87.43754275 -110.42790689  -15.20236894],[-110.42790689  139.69080052   19.23082089],[-15.20236894  19.23082089   3.38988267]
[  87.59919507 -110.31023845  -15.18257142],[-110.31023845  138.90936731   19.11881816],[-15.18257142  19.11881816   3.37919926]
[  88.51622827 -111.28975398  -15.27216976],[-111.28975398  139.92247119   19.20140585],[-15.27216976  19.20140585   3.38236793]
[  88.84941766 -111.5178295   -15.29335875],[-111.5178295   140.19447251   19.22522109],[-15.29335875  19.22522109   3.38819974]
[  89.40749525 -111.69874796  -15.28871525],[-111.69874796  139.54770033   19.10052792],[-15.28871525  19.10052792   3.36744822]
[  90.16941814 -112.1578049   -15.31434763],[-112.1578049   139.50820042   19.04884888],[-15.31434763  19.04884888   3.35369152]
[  91.08364142 -113.02307952  -15.39870154],[-113.02307952  140.46684251   19.13292475],[-15.39870154  19.13292475   3.3595234 ]
[  90.12715882 -110.93661872  -15.12036285],[-110.93661872  136.55077549   18.61150354],[-15.12036285  18.61150354   3.29541612]
[  91.23898898 -111.92201565  -15.21821681],[-111.92201565  137.2936919    18.66804449],[-15.21821681  18.66804449   3.29637128]
[  91.50319723 -112.05092807  -15.23147806],[-112.05092807  137.42681555   18.67966782],[-15.23147806  18.67966782   3.30220329]
[  92.17017305 -112.27906307  -15.24315404],[-112.27906307  136.77513715   18.56877343],[-15.24315404  18.56877343   3.28557479]
[  92.99819129 -112.73493828  -15.28572131],[-112.73493828  136.66036069   18.52976741],[-15.28572131  18.52976741   3.2776018 ]
[  94.10679569 -113.69906061  -15.38903395],[-113.69906061  137.57876468   18.61068918],[-15.38903395  18.61068918   3.28343385]
[  92.96695254 -111.37783139  -15.09371726],[-111.37783139  133.43474258   18.08282896],[-15.09371726  18.08282896   3.22149709]
[  94.01869379 -112.25763705  -15.19080762],[-112.25763705  134.03480332   18.13771393],[-15.19080762  18.13771393   3.22606769]
[  94.36527407 -112.45043086  -15.21254625],[-112.45043086  134.20434699   18.15265901],[-15.21254625  18.15265901   3.23189987]
[  95.19296013 -112.8581417   -15.25822849],[-112.8581417   133.80149314   18.0897339 ],[-15.25822849  18.0897339    3.22397867]
[  96.23169522 -113.49957909  -15.33688492],[-113.49957909  133.86602489   18.0889465 ],[-15.33688492  18.0889465    3.22301957]
[  97.36916399 -114.38708095  -15.44115871],[-114.38708095  134.57665687   18.15201843],[-15.44115871  18.15201843   3.22885175]
[  96.27427047 -112.15295907  -15.16961401],[-112.15295907  130.65054891   17.67156578],[-15.16961401  17.67156578   3.17518537]
[  97.39235475 -113.04027274  -15.27351745],[-113.04027274  131.20232433   17.72749602],[-15.27351745  17.72749602   3.18098625]
[  97.74329084 -113.21647264  -15.29528946],[-113.21647264  131.3307358    17.73888596],[-15.29528946  17.73888596   3.18681853]
[  98.67473433 -113.67855672  -15.35796909],[-113.67855672  130.96376088   17.69319954],[-15.35796909  17.69319954   3.18305847]
[  99.83964345 -114.38071934  -15.45610423],[-114.38071934  131.03962074   17.70719787],[-15.45610423  17.70719787   3.1857848 ]
[ 101.08940344 -115.2639757   -15.56987976],[-115.2639757   131.61225392   17.75850836],[-15.56987976  17.75850836   3.19161707]
[  99.89901437 -112.92891198  -15.30135423],[-112.92891198  127.65830869   17.29712049],[-15.30135423  17.29712049   3.14293622]
[ 100.98927289 -113.74038364  -15.3986782 ],[-113.74038364  128.10147606   17.34294661],[-15.3986782   17.34294661   3.14819667]
[ 101.36128684 -113.91363265  -15.42220242],[-113.91363265  128.20088676   17.35183878],[-15.42220242  17.35183878   3.15402903]
[ 102.35699563 -114.41379197  -15.49821733],[-114.41379197  127.89077841   17.3237775 ],[-15.49821733  17.3237775    3.15425254]
[ 103.63496118 -115.19289481  -15.61256464],[-115.19289481  128.03983249   17.35376264],[-15.61256464  17.35376264   3.15973023]
[ 104.91201885 -116.0003725   -15.72703249],[-116.0003725   128.43602732   17.38966577],[-15.72703249  17.38966577   3.16556256]
[ 103.53839158 -113.52516756  -15.44856645],[-113.52516756  124.47521664   16.93865504],[-15.44856645  16.93865504   3.11975392]
[ 104.53351079 -114.21178555  -15.51251542],[-114.21178555  124.78612756   16.94874754],[-15.51251542  16.94874754   3.11617205]
[ 104.91476704 -114.37201318  -15.53655668],[-114.37201318  124.85163273   16.9546388 ],[-15.53655668  16.9546388    3.12200449]
[ 105.82977453 -114.60749084  -15.59448134],[-114.60749084  124.11324759   16.88791636],[-15.59448134  16.88791636   3.11980296]
[ 107.19400941 -115.41871428  -15.71554686],[-115.41871428  124.27447889   16.92135802],[-15.71554686  16.92135802   3.12523712]
[ 108.47856818 -115.95229523  -15.82897853],[-115.95229523  123.94093181   16.91953001],[-15.82897853  16.91953001   3.13001844]
[ 108.64439779 -115.967049    -15.83136245],[-115.967049    123.94612443   16.91987999],[-15.83136245  16.91987999   3.13585084]
[ 109.92370698 -116.61164674  -15.94103623],[-116.61164674  123.70649227   16.91091521],[-15.94103623  16.91091521   3.14007118]
[ 110.5524366  -116.90030946  -15.98893016],[-116.90030946  123.77270713   16.91693084],[-15.98893016  16.91693084   3.14590356]
[ 111.6019394  -117.25524439  -16.07142597],[-117.25524439  123.19492354   16.88553973],[-16.07142597  16.88553973   3.14916856]
[ 112.9075423  -117.9249323   -16.18471435],[-117.9249323   123.16528576   16.90393133],[-16.18471435  16.90393133   3.15455547]
[ 114.2922341  -118.61181589  -16.30539777],[-118.61181589  123.24984095   16.9116878 ],[-16.30539777  16.9116878    3.16038781]
[ 113.09740948 -116.48277206  -16.09264691],[-116.48277206  119.96946969   16.57435066],[-16.09264691  16.57435066   3.1315007 ]
[ 113.62341991 -116.633293    -16.06992257],[-116.633293    119.72289779   16.49561319],[-16.06992257  16.49561319   3.11364126]
[ 114.10849694 -116.81001954  -16.10315202],[-116.81001954  119.72550121   16.49572644],[-16.10315202  16.49572644   3.11947371]
[ 115.11259413 -117.12219546  -16.18208147],[-117.12219546  119.16688027   16.46458344],[-16.18208147  16.46458344   3.12360424]
[ 116.31111832 -117.69012748  -16.24040938],[-117.69012748  119.08548692   16.43295904],[-16.24040938  16.43295904   3.11257508]
[ 117.59731534 -118.2344577   -16.3497144 ],[-118.2344577   119.02087353   16.42670577],[-16.3497144   16.42670577   3.11840752]
[ 119.41277582 -119.00121306  -16.50856   ],[-119.00121306  118.88285297   16.41346655],[-16.50856     16.41346655   3.12423995]
[ 120.14835187 -118.61106477  -16.59227103],[-118.61106477  117.09344756   16.3799744 ],[-16.59227103  16.3799744    3.12978613]
[ 121.44586836 -118.82407101  -16.71470515],[-118.82407101  116.25887396   16.35386474],[-16.71470515  16.35386474   3.13552832]
[ 122.83205347 -119.32095334  -16.83102489],[-119.32095334  116.04683661   16.33339057],[-16.83102489  16.33339057   3.14136071]
[ 121.73745666 -117.35040333  -16.66246716],[-117.35040333  113.12144671   16.06200174],[-16.66246716  16.06200174   3.12247701]
[ 122.005041   -117.18867305  -16.59570302],[-117.18867305  112.56244031   15.94055782],[-16.59570302  15.94055782   3.09881829]
[ 122.51074769 -117.32004278  -16.62965036],[-117.32004278  112.48074353   15.93247914],[-16.62965036  15.93247914   3.10465077]
[ 123.58442823 -117.73676802  -16.71221499],[-117.73676802  112.16580274   15.92144097],[-16.71221499  15.92144097   3.10891073]
[ 124.58701312 -118.00588227  -16.73574348],[-118.00588227  111.77239068   15.85170169],[-16.73574348  15.85170169   3.09320962]
[ 125.94351901 -118.39527151  -16.84763107],[-118.39527151  111.4277307    15.81790201],[-16.84763107  15.81790201   3.09904211]
[ 124.89570784 -116.57561577  -16.69969842],[-116.57561577  108.80977802   15.587226  ],[-16.69969842  15.587226     3.08510378]
[ 123.89806935 -115.27359143  -16.39914966],[-115.27359143  107.2494592    15.25761361],[-16.39914966  15.25761361   3.01864493]
[ 124.24615664 -115.33116498  -16.4181318 ],[-115.33116498  107.17937958   15.25054211],[-16.4181318   15.25054211   3.02447759]
[ 125.28144969 -115.55513182  -16.500378  ],[-115.55513182  106.58392424   15.21935896],[-16.500378    15.21935896   3.03031349]
[ 125.87925673 -115.4566544   -16.44419883],[-115.4566544   105.89702738   15.08264522],[-16.44419883  15.08264522   2.99957738]
[ 127.15467118 -115.72613011  -16.54727371],[-115.72613011  105.44535192   15.03752613],[-16.54727371  15.03752613   3.00541008]
[ 125.61008161 -113.52390277  -16.3459371 ],[-113.52390277  102.60065424   14.77313404],[-16.3459371   14.77313404   2.98687393]
[ 123.80053828 -111.55334574  -15.91054853],[-111.55334574  100.51772932   14.3365686 ],[-15.91054853  14.3365686    2.8985632 ]
[ 124.26121987 -111.61522905  -15.93957637],[-111.61522905  100.37208546   14.32169839],[-15.93957637  14.32169839   2.90439613]
[ 125.32169966 -111.82629136  -16.01976421],[-111.82629136   99.78415171   14.29465784],[-16.01976421  14.29465784   2.90838065]
[ 126.20218652 -111.92614318  -16.03952332],[-111.92614318   99.26501215   14.22512575],[-16.03952332  14.22512575   2.89554052]
[ 127.39252988 -112.08011785  -16.13389734],[-112.08011785   98.72125662   14.16953594],[-16.13389734  14.16953594   2.90137345]
[ 127.01815443 -111.1323656   -16.08935454],[-111.1323656    97.23336629   14.07710603],[-16.08935454  14.07710603   2.9021806 ]
[ 125.3885046  -109.4136293   -15.71642728],[-109.4136293    95.47400191   13.71410676],[-15.71642728  13.71410676   2.83077716]
[ 125.82442023 -109.44311294  -15.74290017],[-109.44311294   95.30327157   13.69633309],[-15.74290017  13.69633309   2.83661023]
[ 126.53900453 -109.56077232  -15.77690666],[-109.56077232   94.86057621   13.66005748],[-15.77690666  13.66005748   2.836126  ]
[ 125.41552482 -108.13498818  -15.437787  ],[-108.13498818   93.23547253   13.31067188],[-15.437787    13.31067188   2.76096924]
[ 126.56396397 -108.2292712   -15.52755008],[-108.2292712    92.65774047   13.25047581],[-15.52755008  13.25047581   2.76680246]
[ 126.29234493 -107.54492667  -15.4963907 ],[-107.54492667   91.58046205   13.19603495],[-15.4963907   13.19603495   2.77003767]
[ 123.05007534 -104.58952566  -14.87102203],[-104.58952566   88.89851465   12.64000143],[-14.87102203  12.64000143   2.65940384]
[ 123.46653611 -104.6139202   -14.8955693 ],[-104.6139202    88.74325664   12.6235146 ],[-14.8955693   12.6235146    2.66523726]
[ 124.09006525 -104.70326723  -14.91765326],[-104.70326723   88.34530141   12.58704337],[-14.91765326  12.58704337   2.66358367]
[ 123.38035914 -103.67874128  -14.66349764],[-103.67874128   87.1231168    12.32200145],[-14.66349764  12.32200145   2.60579236]
[ 124.51498153 -103.76099409  -14.75145775],[-103.76099409   86.56824449   12.26304603],[-14.75145775  12.26304603   2.61162589]
[ 124.36209212 -103.27023415  -14.73566274],[-103.27023415   85.75556367   12.23648872],[-14.73566274  12.23648872   2.61660184]
[ 120.74053998 -100.11475388  -14.06480875],[-100.11475388   83.01241647   11.66215467],[-14.06480875  11.66215467   2.50143016]
[ 121.15817609 -100.1364449   -14.08932544],[-100.1364449    82.86046852   11.64570221],[-14.08932544  11.64570221   2.50726388]
[ 121.81470919 -100.23596491  -14.11720457],[-100.23596491   82.47976598   11.61642652],[-14.11720457  11.61642652   2.50661592]
[ 121.37094598  -99.45759805  -13.91373877],[-99.45759805  81.50067363  11.40163334],[-13.91373877  11.40163334   2.45852792]
[ 122.41577934  -99.52321535  -13.99330264],[-99.52321535  81.00872659  11.34832398],[-13.99330264  11.34832398   2.46436173]
[ 122.39688691  -99.13968774  -13.99258404],[-99.13968774  80.30169704  11.33378833],[-13.99258404  11.33378833   2.47002348]
[ 119.41227907  -96.5614286   -13.42718237],[-96.5614286   78.08333959  10.85774351],[-13.42718237  10.85774351   2.37260956]
[ 119.8047834   -96.57863926  -13.44932391],[-96.57863926  77.94888204  10.84289558],[-13.44932391  10.84289558   2.37844352]
[ 120.44264198  -96.67212937  -13.47679737],[-96.67212937  77.59295618  10.81702189],[-13.47679737  10.81702189   2.37833506]
[ 119.9043275   -95.84762752  -13.25560802],[-95.84762752  76.61748277  10.59610268],[-13.25560802  10.59610268   2.32709265]
[ 120.89101744  -95.90079819  -13.32957399],[-95.90079819  76.16887978  10.54657876],[-13.32957399  10.54657876   2.33292668]
[ 120.79028884  -95.43078057  -13.32462103],[-95.43078057  75.39541474  10.52716235],[-13.32462103  10.52716235   2.33842107]
[ 118.19474555  -93.21441055  -12.8240443 ],[-93.21441055  73.51364342  10.11369593],[-12.8240443   10.11369593   2.25204983]
[ 118.58702099  -93.22913425  -12.84602893],[-93.22913425  73.3827319   10.09896069],[-12.84602893  10.09896069   2.257884  ]
[ 119.2304562   -93.31885587  -12.87564893],[-93.31885587  73.03845999  10.07746561],[-12.87564893  10.07746561   2.25826554]
[ 118.88558957  -92.66872796  -12.69240219],[-92.66872796  72.23325565   9.89345097],[-12.69240219   9.89345097   2.21446854]
[ 119.88812858  -92.71441866  -12.76727904],[-92.71441866  71.78802421   9.8433458 ],[-12.76727904   9.8433458    2.22030276]
[ 119.78604942  -92.26986328  -12.76703909],[-92.26986328  71.0744511    9.83430835],[-12.76703909   9.83430835   2.22607914]
[ 116.9719884   -89.95822753  -12.2387718 ],[-89.95822753  69.18308265   9.41232357],[-12.2387718    9.41232357   2.13660895]
[ 117.27003267  -89.96595846  -12.25241325],[-89.96595846  69.10394504   9.40318538],[-12.25241325   9.40318538   2.1424433 ]
[ 117.91199427  -90.049061    -12.28417455],[-90.049061    68.77021696   9.38138979],[-12.28417455   9.38138979   2.14390523]
[ 117.6833601   -89.49604095  -12.1190732 ],[-89.49604095  68.06010111   9.21633319],[-12.1190732    9.21633319   2.10280606]
[ 118.65813218  -89.53254571  -12.19113504],[-89.53254571  67.64013687   9.16814533],[-12.19113504   9.16814533   2.10864046]
[ 118.62348408  -89.11979301  -12.20262557],[-89.11979301  66.95417529   9.16762366],[-12.20262557   9.16762366   2.11443758]
[ 117.2112477   -87.88970348  -11.90727131],[-87.88970348  65.90323173   8.9285504 ],[-11.90727131   8.9285504    2.06408625]
[ 117.57640266  -87.89870894  -11.92662541],[-87.89870894  65.7927252    8.91561368],[-11.92662541   8.91561368   2.06992072]
[ 118.00936837  -87.93746719  -11.92787598],[-87.93746719  65.52868033   8.88833838],[-11.92787598   8.88833838   2.06740411]
[ 117.51239886  -87.23580397  -11.72385805],[-87.23580397  64.7598518    8.70325325],[-11.72385805   8.70325325   2.02141177]
[ 118.43213472  -87.26342309  -11.79074354],[-87.26342309  64.3777532    8.65861124],[-11.79074354   8.65861124   2.0272463 ]
[ 118.3009015   -86.77968888  -11.79547302],[-86.77968888  63.65728702   8.65257542],[-11.79547302   8.65257542   2.03307674]
[ 116.48113806  -85.28549871  -11.43079691],[-85.28549871  62.44458502   8.36943404],[-11.43079691   8.36943404   1.9709993 ]
[ 116.81424115  -85.2916219   -11.44728932],[-85.2916219   62.3524773    8.35842466],[-11.44728932   8.35842466   1.97683391]
[ 117.34726996  -85.34164745  -11.4564976 ],[-85.34164745  62.06532825   8.33182037],[-11.4564976    8.33182037   1.97389354]
[ 117.57474532  -85.1292728   -11.38081865],[-85.1292728   61.63732786   8.24021178],[-11.38081865   8.24021178   1.94980394]
[ 118.50527863  -85.15041022  -11.44819471],[-85.15041022  61.26016634   8.19531025],[-11.44819471   8.19531025   1.95563857]
[ 118.48633276  -84.80309845  -11.46177074],[-84.80309845  60.69531715   8.20342434],[-11.46177074   8.20342434   1.96120697]
[ 116.665933    -83.35933511  -11.10660935],[-83.35933511  59.5613356    7.93581754],[-11.10660935   7.93581754   1.90234856]
[ 116.979427    -83.3634081   -11.12131494],[-83.3634081   59.48093387   7.9260157 ],[-11.12131494   7.9260157    1.90818327]
[ 117.53583815  -83.4210152   -11.1380289 ],[-83.4210152   59.20803327   7.90521162],[-11.1380289    7.90521162   1.90716086]
[ 117.65578336  -83.15039807  -11.04255066],[-83.15039807  58.76454637   7.80405725],[-11.04255066   7.80405725   1.87969937]
[ 118.55215099  -83.16451367  -11.10659875],[-83.16451367  58.41294721   7.76143786],[-11.10659875   7.76143786   1.8855341 ]
[ 118.47969867  -82.7632749   -11.12006908],[-82.7632749   57.81378402   7.76785676],[-11.12006908   7.76785676   1.89117765]
[ 116.80064511  -81.44869052  -10.78788842],[-81.44869052  56.79668308   7.52272704],[-10.78788842   7.52272704   1.83621106]
[ 117.12510855  -81.45156668  -10.80343437],[-81.45156668  56.71333493   7.51238619],[-10.80343437   7.51238619   1.84204585]
[ 117.63266352  -81.49370386  -10.81034351],[-81.49370386  56.45731046   7.48920326],[-10.81034351   7.48920326   1.83918638]
[ 117.68771544  -81.17721061  -10.69608256],[-81.17721061  55.99343597   7.37781448],[-10.69608256   7.37781448   1.80705538]
[ 118.51448966  -81.18462155  -10.75379999],[-81.18462155  55.68236601   7.33945741],[-10.75379999   7.33945741   1.81289021]
[ 119.13550374  -81.20909857  -10.71909585],[-81.20909857  55.35644305   7.30670597],[-10.71909585   7.30670597   1.78124492]
[ 119.50353882  -81.21119415  -10.73788799],[-81.21119415  55.25576143   7.29426194],[-10.73788799   7.29426194   1.78707978]
[ 118.36397926  -80.11120484  -10.37481135],[-80.11120484  54.22093122   7.02188814],[-10.37481135   7.02188814   1.70683837]
[ 119.1770001   -80.11548867  -10.42989034],[-80.11548867  53.92365695   6.98550347],[-10.42989034   6.98550347   1.71267332]
[ 117.48609291  -78.33250471  -10.35118952],[-78.33250471  52.22729922   6.90153682],[-10.35118952   6.90153682   1.71470051]
[ 117.26633147  -77.92936679  -10.22306497],[-77.92936679  51.78797841   6.79374   ],[-10.22306497   6.79374      1.68778927]
[ 117.57434397  -77.92957593  -10.23678784],[-77.92957593  51.71627648   6.78466337],[-10.23678784   6.78466337   1.69362424]
[ 118.10025798  -77.97219017  -10.24885159],[-77.97219017  51.47882468   6.76650004],[-10.24885159   6.76650004   1.69237332]
[ 118.07683706  -77.61930201  -10.12037442],[-77.61930201  51.02403003   6.65275597],[-10.12037442   6.65275597   1.65853971]
[ 118.83177927  -77.61726509  -10.17050304],[-77.61726509  50.76025975   6.6196299 ],[-10.17050304   6.6196299    1.66437472]
[ 119.54777568  -77.66081981  -10.17299725],[-77.66081981  50.45014794   6.60859885],[-10.17299725   6.60859885   1.64254952]
[ 119.88783088  -77.65983141  -10.1890013 ],[-77.65983141  50.36669665   6.59805567],[-10.1890013    6.59805567   1.64838455]
[ 120.46984232  -77.69976537  -10.21458686],[-77.69976537  50.11423155   6.58813012],[-10.21458686   6.58813012   1.64961661]
[ 120.4730309   -77.38409487  -10.10106517],[-77.38409487  49.70654535   6.48827181],[-10.10106517   6.48827181   1.62099942]
[ 121.28896733  -77.37765224  -10.15502439],[-77.37765224  49.42439375   6.45276419],[-10.15502439   6.45276419   1.62683448]
[ 120.98844619  -76.79661213  -10.16368559],[-76.79661213  48.74613945   6.45133183],[-10.16368559   6.45133183   1.63265937]
[ 120.1670846   -76.10814018   -9.9701586 ],[-76.10814018  48.20329174   6.31462616],[-9.9701586   6.31462616  1.60115447]
[ 120.54793105  -76.10507717   -9.98934633],[-76.10507717  48.10514008   6.30200262],[-9.98934633  6.30200262  1.60698955]
[ 121.06333262  -76.14433453  -10.00625672],[-76.14433453  47.89195531   6.29356335],[-10.00625672   6.29356335   1.60730157]
[ 120.88509392  -75.75020085   -9.86926657],[-75.75020085  47.46733263   6.1843763 ],[-9.86926657  6.1843763   1.57646389]
[ 121.69345426  -75.73884491   -9.92237147],[-75.73884491  47.19555125   6.14946988],[-9.92237147  6.14946988  1.582299  ]
[ 121.12652056  -74.99430966   -9.91531174],[-74.99430966  46.43199928   6.13896899],[-9.91531174  6.13896899  1.58802316]
[ 119.83999882  -74.04016348   -9.64513167],[-74.04016348  45.7438743    5.95900466],[-9.64513167  5.95900466  1.5439349 ]
[ 120.18822335  -74.03596705   -9.66165069],[-74.03596705  45.6614209    5.94814266],[-9.66165069  5.94814266  1.54977005]
[ 120.76772103  -74.05417729   -9.69068664],[-74.05417729  45.40966047   5.94228172],[-9.69068664  5.94228172  1.55124657]
[ 121.02313097  -73.90595265   -9.63003457],[-73.90595265  45.13261082   5.88083335],[-9.63003457  5.88083335  1.53288647]
[ 121.62114904  -73.87291838   -9.61650669],[-73.87291838  44.87055209   5.84108441],[-9.61650669  5.84108441  1.51721988]
[ 121.84806183  -73.8707773    -9.62322998],[-73.8707773   44.83783806   5.83666308],[-9.62322998  5.83666308  1.52305506]
[ 122.47543629  -73.889116     -9.63441317],[-73.889116    44.57711409   5.81241665],[-9.63441317  5.81241665  1.51889444]
[ 122.74859514  -73.88554241   -9.64477355],[-73.88554241  44.52634553   5.80560733],[-9.64477355  5.80560733  1.52472962]
[ 123.32469364  -73.87503799   -9.6787946 ],[-73.87503799  44.25327248   5.79787626],[-9.6787946   5.79787626  1.52845159]
[ 123.45584936  -73.65329358   -9.59045973],[-73.65329358  43.94127712   5.72163193],[-9.59045973  5.72163193  1.50470094]
[ 124.25978836  -73.63234485   -9.64227446],[-73.63234485  43.68465278   5.68761371],[-9.64227446  5.68761371  1.51053613]
[ 123.69647771  -72.91565297   -9.64480071],[-72.91565297  42.98176132   5.68534325],[-9.64480071  5.68534325  1.51637195]
[ 122.7225447   -72.18069425   -9.42441582],[-72.18069425  42.45391642   5.54307983],[-9.42441582  5.54307983  1.4805169 ]
[ 123.0679615  -72.1736548   -9.4404072],[-72.1736548   42.37670985   5.53258364],[-9.4404072   5.53258364  1.48635212]
[ 123.59620448  -72.18228287   -9.46621251],[-72.18228287  42.15567958   5.52842886],[-9.46621251  5.52842886  1.48853709]
[ 123.45017488  -71.82981786   -9.33355314],[-71.82981786  41.7943739    5.43075298],[-9.33355314  5.43075298  1.45842317]
[ 124.23073123  -71.80512818   -9.38333656],[-71.80512818  41.55323911   5.39810009],[-9.38333656  5.39810009  1.46425842]
[ 123.80155239  -71.15853388   -9.40320365],[-71.15853388  40.90043201   5.40476404],[-9.40320365  5.40476404  1.46987254]
[ 123.44994193  -70.77229362   -9.27530495],[-70.77229362  40.57286296   5.31741515],[-9.27530495  5.31741515  1.44772348]
[ 123.80607808  -70.76339361   -9.29202855],[-70.76339361  40.49375424   5.30645588],[-9.29202855  5.30645588  1.45355874]
[ 124.28743559  -70.78695261   -9.30653829],[-70.78695261  40.31616444   5.30046723],[-9.30653829  5.30046723  1.45406688]
[ 124.13503697  -70.4465105    -9.17683498],[-70.4465105   39.97832517   5.20784463],[-9.17683498  5.20784463  1.42530301]
[ 124.85636694  -70.43904902   -9.19694759],[-70.43904902  39.73893988   5.18855579],[-9.19694759  5.18855579  1.41404465]
[ 125.03181878  -70.43749522   -9.1995456 ],[-70.43749522  39.72773258   5.18684934],[-9.1995456   5.18684934  1.41987994]
[ 125.67680787  -70.45190896   -9.22563461],[-70.45190896  39.49393363   5.1717065 ],[-9.22563461  5.1717065   1.42039493]
[ 126.05445115  -70.44068002   -9.24378355],[-70.44068002  39.40882302   5.15982478],[-9.24378355  5.15982478  1.42623021]
[ 126.63825082  -70.45270047   -9.26529932],[-70.45270047  39.19497468   5.15456701],[-9.26529932  5.15456701  1.42437085]
[ 127.12530209  -70.40826405   -9.24816999],[-70.40826405  38.99557049   5.12209269],[-9.24816999  5.12209269  1.41303599]
